country_code,country_name,year,Electricity production from hydroelectric sources (% of total),Energy use (kg of oil equivalent per capita),Forest area (% of land area),Fossil fuel energy consumption (% of total),GDP growth (annual %),GDP per capita (current US$),"PM2.5 air pollution, mean annual exposure (micrograms per cubic meter)",Population growth (annual %),"Population, total",Renewable electricity output (% of total electricity output),Renewable energy consumption (% of total final energy consumption),Trade (% of GDP),Urban population (% of total population)
CAN,Canada,1960,,,,,,2264.94849658191,,,17909356.0,,,,69.061
CAN,Canada,1961,,,,,3.16329168371298,2246.08356619252,,1.99918455690026,18271000.0,,,35.810465007449,69.668
CAN,Canada,1962,,,,,7.42783736424002,2274.4284708191,,1.85988823339904,18614000.0,,,35.5113198692233,70.494
CAN,Canada,1963,,,,,5.29743988916486,2380.31732899108,,1.86284592763531,18964000.0,,,35.3317795610907,71.307
CAN,Canada,1964,,,,,6.65599998308328,2561.63849088572,,1.88571494336137,19325000.0,,,37.0015575200833,72.107
CAN,Canada,1965,,,,,6.31720005153649,2777.18317301162,,1.81016659700882,19678000.0,,,36.8945520983079,72.892
CAN,Canada,1966,,,,,6.75969011988171,3055.28807884507,,1.86281377101388,20048000.0,,,38.3052936900165,73.642
CAN,Canada,1967,,,,,3.06542080784173,3226.38273682011,,1.79935650480125,20412000.0,,,39.1242195642224,74.155
CAN,Canada,1968,,,,,5.00827404258794,3473.23722551871,,1.61340850346382,20744000.0,,,40.727384956863,74.662
CAN,Canada,1969,,,,,5.06703236278922,3776.15613110238,,1.35978347208384,21028000.0,,,41.8858994891117,75.161
CAN,Canada,1970,,,,,2.91871307258708,4135.82149842006,,1.39783160033129,21324000.0,,,41.4922765180909,75.654
CAN,Canada,1971,,,,,4.01884508716894,4535.39338907773,,2.94819452761436,21962032.0,,,40.6869585929765,76.09
CAN,Canada,1972,,,,,5.51967005803644,5106.73708049128,,1.16084656651465,22218463.0,,,41.8490864463021,75.971
CAN,Canada,1973,,,,,6.72864134770903,5858.33407318788,,1.22261658426849,22491777.0,,,44.2882822502655,75.851
CAN,Canada,1974,,,,,3.35777600467976,7056.70847496589,,1.39602166927373,22807969.0,,,48.084501970309,75.731
CAN,Canada,1975,,,,,1.5454033263216,7536.52009823861,,1.45942491323998,23143275.0,,,45.855654524918,75.611
CAN,Canada,1976,,,,,5.88927586333716,8838.94710677652,,1.31580656558804,23449808.0,,,44.2653442795685,75.503
CAN,Canada,1977,,,,,3.53482660580218,8949.10989272982,,1.17025687783266,23725843.0,,,45.7583788338602,75.543
CAN,Canada,1978,,,,,3.73597638764802,9154.43325277735,,0.99545694441135,23963203.0,,,48.844517999706,75.583
CAN,Canada,1979,,,,,3.72519949149593,10077.5026707269,,0.989698733234704,24201544.0,,,52.2380473828747,75.623
CAN,Canada,1980,,,,,2.17719921287991,11208.2027394178,,1.28959497847156,24515667.0,,,53.3179757243811,75.663
CAN,Canada,1981,,,,,3.41506518150013,12379.0368643833,,1.23339725480528,24819915.0,,,52.1025741262576,75.712
CAN,Canada,1982,,,,,-3.16615022065891,12527.3135323802,,1.18962434077573,25116942.0,,,46.6158827969427,75.874
CAN,Canada,1983,,,,,2.56225358775578,13477.1031699599,,0.988487567147771,25366451.0,,,46.7088835933124,76.035
CAN,Canada,1984,,,,,5.8985694010334,13930.4745502555,,0.944034716041094,25607053.0,,,52.4766984280909,76.195
CAN,Canada,1985,,,,,4.73768081475092,14170.1249406067,,0.91377427539001,25842116.0,,,52.8419465348871,76.354
CAN,Canada,1986,,,,,2.12148083355379,14521.1800806,,0.994040150630969,26100278.0,,,53.0651501053871,76.502
CAN,Canada,1987,,,,,4.07201574110678,16377.6902109541,,1.31816778174498,26446601.0,,,50.8663917985291,76.522
CAN,Canada,1988,,,,,4.41083900341744,19012.5723278349,,1.29662488995999,26791747.0,,,51.3657811368429,76.542
CAN,Canada,1989,,,,,2.33732975738413,20794.682233334,,1.79419351491939,27276781.0,,,50.0666340073171,76.562
CAN,Canada,1990,61.4849274437757,7641.54876651682,38.8455115614254,47.967790362209,0.202947874139198,21525.8611387148,10.5454235687613,1.50766067284807,27691138.0,62.2809125141363,22.6,49.9944644220497,76.582
CAN,Canada,1991,60.5478413847809,7529.00297774185,38.8402585886707,47.010049497806705,-2.0910550979319,21846.7930471354,10.5219930805906,1.24276123131684,28037420.0,61.3082849670533,22.7,49.2234668475419,76.62
CAN,Canada,1992,60.7238379566918,7616.97320016327,38.835005615916,48.036211924287095,0.890466180427183,20950.3305287651,10.483576244595,1.18367554138942,28371264.0,61.5709313614508,22.4,52.7380309449972,76.887
CAN,Canada,1993,60.7250602246887,7782.92897388185,38.8297526431612,46.5209931930506,2.65770691557481,20186.7988782965,10.4337219113849,1.09893087887878,28684764.0,61.6196126107872,22.3,58.2507961453047,77.152
CAN,Canada,1994,59.2882427988715,7971.05824834315,38.8244996704065,45.86374045777615,4.49404929532982,19997.6237373354,10.3759789315703,1.09525810706129,29000663.0,60.3096080932957,22.2,64.3915441455001,77.414
CAN,Canada,1995,59.9012442511319,7995.23710734235,38.8192466976518,46.9289665180776,2.68232822733793,20679.634792669,10.3138961557615,1.03476948386834,29302311.0,60.898071232486,22.4,69.0617480799547,77.675
CAN,Canada,1996,61.9610424896023,8070.95400503596,38.8139937248971,46.8632883320441,1.68896122499937,21296.9723536904,10.2257256686868,1.04531178311831,29610218.0,62.9703360015605,22.1,70.2600734560392,77.951
CAN,Canada,1997,61.071544837167,8069.49923971315,38.8087407521424,48.915970969230145,4.28016683621337,21901.5628548392,10.1043387729322,0.993788591465188,29905948.0,62.261608605505,21.8,74.3366100816522,78.34
CAN,Canada,1998,59.0331046696468,7963.20719845056,38.8034877793876,51.27893519280945,3.89288654344983,21024.5850687045,9.97521314589414,0.829909353323744,30155173.0,60.3256057098354,22.0,78.0811853628611,78.724
CAN,Canada,1999,59.6593692431884,8117.62871957032,38.7982348066329,50.810183298911355,5.14100353715349,22315.2466731545,9.86382646496894,0.812842623716166,30401286.0,61.0989602378965,22.2,80.1150293129295,79.103
CAN,Canada,2000,59.1414252189644,8224.74786425172,38.7929818338782,51.905119699835204,5.1385391803606,24271.0020563821,9.79565640755295,0.931281553452429,30685730.0,60.6190538229517,20.3,82.7653578503214,79.478
CAN,Canada,2001,56.4596833868698,8017.16666642228,38.7876307080739,52.7215315806463,1.87509810696022,23822.096210932,9.76086476457905,1.0861994547665,31020855.0,58.0524008446178,19.8,78.3442183943698,79.81
CAN,Canada,2002,58.2569676107441,7943.44588697183,38.7822795822695,51.5743272739427,2.99925535017809,24256.0192337185,9.72810868247048,1.08479328329522,31359199.0,59.9003535306548,20.1,75.7070320779233,79.888
CAN,Canada,2003,57.1899084604998,8303.4318789013,38.7769284564652,52.61939369501715,1.80638512302554,28301.8645937428,9.69060887185911,0.899226809998674,31642461.0,58.9264990164968,19.7,69.8400946170607,79.967
CAN,Canada,2004,56.7713467430398,8371.02231862308,38.7715773306609,51.20348428794425,3.09236384292251,32145.5412620217,9.64158604337681,0.932186964148048,31938807.0,58.4529439190089,20.4,70.1924199909562,80.045
CAN,Canada,2005,58.2743262406781,8369.95929648006,38.7662262048566,50.75964651939455,3.21045439063563,36383.6600068095,9.57426090765544,0.94708626967041,32242732.0,59.8555982828252,21.6,69.7591330167357,80.122
CAN,Canada,2006,57.8194696759968,8427.44174185883,38.7608750790522,48.633433558934954,2.63794375007348,40504.0370977806,9.40182085213359,1.01355939144957,32571193.0,59.5620002719274,21.5,68.0521644769988,80.213
CAN,Canada,2007,58.5169871856082,8356.30636250042,38.7555239532479,49.1344773890104,2.04990463726786,44660.0838892281,9.08026235211045,0.970654173316653,32888886.0,60.2476621533016,21.6,66.2834197482347,80.396
CAN,Canada,2008,59.5923437393955,8098.35289361915,38.7501728274436,49.7061345264731,0.995406301140747,46710.2526864484,8.66701975000882,1.083871149194,33247298.0,61.3290986200485,21.6,67.0236083618983,80.578
CAN,Canada,2009,60.5576210620353,7696.33407281264,38.7448217016393,48.947506341335405,-2.91508621550267,40874.8831932903,8.21952738825148,1.14470768476526,33630069.0,62.9637388659713,22.2,58.4743918224897,80.758
CAN,Canada,2010,58.2393363790169,7660.75452103288,38.7394705758349,49.9001201814733,3.09080634469335,47560.6666009406,7.79521960926122,1.11135202971694,34005902.0,61.2394556876236,21.4,60.2081215044483,80.937
CAN,Canada,2011,59.2980119701519,7716.24822782698,38.7348640747569,49.45003818180155,3.13719442170364,52223.8588398531,7.37287638245787,0.97540725097113,34339221.0,62.4604027184521,21.5,62.4987387708328,81.096
CAN,Canada,2012,60.1315704183155,7637.78487245197,38.7302575736789,48.12966335228745,1.75566129145483,52670.3447335415,7.58558915249491,1.08374652233653,34713395.0,63.6371552837649,21.8,62.5955489395005,81.137
CAN,Canada,2013,59.5498139168043,7668.79466344868,38.7256510726009,46.85013016440125,2.32581354806429,52638.1187235237,7.26096632331949,1.05338098055318,35080992.0,64.0759575040385,22.2,62.2310749013405,81.178
CAN,Canada,2014,58.0444693941026,7780.1475931021,38.7210445715229,47.235955603454045,2.87346677785811,50960.8431174661,7.38092988336422,1.00142284689661,35434066.0,63.1954620280532,22.2,64.3786621564923,81.218
CAN,Canada,2015,58.0624876589152,7690.40816617685,38.7164380704449,46.966309269709,0.649971001734855,43594.1941045394,7.11576183142395,0.760300145238936,35704498.0,64.1242644713459,22.3,66.1649020669781,81.259
CAN,Canada,2016,57.9333031773487,7944.50789345873,38.7120133755838,9.9015071480203,1.03855092490855,42314.0615817218,6.40675155079521,1.13153974027004,36110803.0,64.9753767870051,22.1,65.3636845215556,81.3
CAN,Canada,2017,59.511613283612,8175.19037647623,38.7078876013737,9.04935890572905,3.03383491200222,45129.628116623,7.04492025305158,1.19543575451553,36545075.0,66.5646304151468,22.8,65.1010608504649,81.35
CAN,Canada,2018,58.5743662121454,8161.77967501099,38.7037629425392,9.35236404197685,2.74296344906655,46539.1761570405,7.09175111254794,1.43322615679352,37072620.0,65.9483864114063,22.3,66.5998858508762,81.411
CAN,Canada,2019,58.5128260136688,8125.58121311618,38.6996371683291,9.28537497318335,1.90843194590616,46352.8693445211,6.22680169266749,1.46171259938134,37618495.0,65.8791259309204,22.4,66.1714852804959,81.482
CAN,Canada,2020,59.2995415454321,7495.07932297849,38.6955125094946,8.9093413377548,-5.03823343468899,43537.839298904,6.56566994375263,1.08436897113225,38028638.0,67.0564578594512,23.9,61.1567709632763,81.562
CAN,Canada,2021,59.0927419043367,7524.86361233157,39.4701279256318,9.11552918239245,5.95052802804381,52886.6616372703,,0.553902422386893,38239864.0,67.0163805768966,23.8,62.2468367159421,81.653
CAN,Canada,2022,60.4024124705046,7578.02093601237,39.4659199995449,8.9322752961684,4.18903628100851,56256.8007264015,,1.80390457488184,38935934.0,,,67.3176215563989,81.752
CAN,Canada,2023,56.9998199057823,7336.06703531427,39.4617117321106,9.83654080081895,1.52874550838358,54220.3285039875,,2.90468017061162,40083484.0,,,66.6323313370668,81.862
MEX,Mexico,1960,,,,,,355.075199563018,,,36724615.0,,,20.1692024539877,50.753
MEX,Mexico,1961,,,,,5.00000000072309,373.712216995471,,3.12431006208309,37890118.0,,,19.0277401129944,51.59
MEX,Mexico,1962,,,,,4.66441467253127,388.456702411498,,3.21786520378848,39129200.0,,,18.6778421052632,52.428
MEX,Mexico,1963,,,,,8.10688692761114,419.552066324849,,3.2556284602266,40424065.0,,,18.2737264150943,53.265
MEX,Mexico,1964,,,,,11.9054807657866,480.704214437745,,3.28021557071982,41772049.0,,,17.4864940239044,54.1
MEX,Mexico,1965,,,,,7.09999999747173,505.854419498816,,3.30220788165866,43174477.0,,,17.1569230769231,54.931
MEX,Mexico,1966,,,,,6.09613930256681,544.935854193449,,3.31367366037443,44629106.0,,,16.4848684210526,55.761
MEX,Mexico,1967,,,,,5.85492487897324,575.769037534418,,3.30687527382857,46129608.0,,,15.8771987951807,56.587
MEX,Mexico,1968,,,,,9.42327881831926,615.922912128842,,3.28116698641116,47668303.0,,,16.3915803814714,57.411
MEX,Mexico,1969,,,,,3.41862002349839,659.71750685117,,3.23014011303745,49233194.0,,,16.8174630541872,58.229
MEX,Mexico,1970,,,,,6.50248403469675,699.006845485029,,3.16225908612736,50814953.0,,,17.4122972972973,59.021
MEX,Mexico,1971,,,,,3.76246768495716,747.912361003254,,3.09555574369582,52412558.0,,,16.359693877551,59.779
MEX,Mexico,1972,,,,,8.22880731245257,836.569673446138,,3.03963381322988,54030168.0,,,16.8900884955752,60.532
MEX,Mexico,1973,,,,,7.86111986063614,993.042879548426,,2.98500562726971,55667284.0,,,17.8768162083936,61.279
MEX,Mexico,1974,,,,,5.77682723020618,1256.10280601329,,2.92595888908101,57320149.0,,,18.9811111111111,62.022
MEX,Mexico,1975,,,,,5.74448504862428,1491.97048611111,,2.85868919208384,58982400.0,,,16.5145454545455,62.759
MEX,Mexico,1976,,,,,4.41744413626853,1465.49877862474,,2.78065399816892,60645512.0,,,18.3570751276441,63.491
MEX,Mexico,1977,,,,,3.39063970656844,1314.62044481645,,2.70521064388125,62308493.0,,,20.5412871822607,64.215
MEX,Mexico,1978,,,,,8.95694232786306,1604.40920452482,,2.64578827608807,63979046.0,,,21.5107402652974,64.934
MEX,Mexico,1979,,,,,9.69817013704461,2049.26468871816,,2.57646884468688,65648865.0,,,23.6401173402868,65.646
MEX,Mexico,1980,,,,,8.75662242586424,3054.62162291784,,2.48448875438519,67300334.0,,,22.4346196504217,66.339
MEX,Mexico,1981,,,,,9.58584115454994,3829.14437544129,,2.3376429152144,68892108.0,,,22.1172749435935,66.87
MEX,Mexico,1982,,,,,-0.0495863656386035,2620.95793392947,,2.21239661362638,70433260.0,,,24.1340136217434,67.396
MEX,Mexico,1983,,,,,-4.62412795987231,2169.85285279223,,2.16009999927553,71971240.0,,,27.0961020358622,67.919
MEX,Mexico,1984,,,,,3.51341334932273,2506.30742754755,,2.11119499659794,73506846.0,,,25.6724173446434,68.437
MEX,Mexico,1985,,,,,1.91921578613494,2601.70825226684,,2.06882546602699,75043414.0,,,24.3312923896659,68.95
MEX,Mexico,1986,,,,,-3.92995990782299,1756.93563367491,,2.03427532389064,76585637.0,,,29.6062225899787,69.459
MEX,Mexico,1987,,,,,2.06336322631584,1888.2631431041,,2.00496770997912,78136651.0,,,31.262320842785,69.963
MEX,Mexico,1988,,,,,1.21826122938586,2278.81222720992,,1.97542817137593,79695531.0,,,38.7903369479031,70.462
MEX,Mexico,1989,,,,,3.62544873456009,2725.05572275442,,1.92826260803177,81247182.0,,,38.3296500774472,70.956
MEX,Mexico,1990,20.2681353971529,1502.65916196056,36.3135111499781,79.79217409636784,5.25004329944582,3154.46920349038,32.2992214724391,1.91754932281513,82820170.0,24.6933190604038,14.4,38.5196964133297,71.419
MEX,Mexico,1991,16.9980088357912,1547.4413301937,36.1998096658865,80.5912018365738,3.97590497138043,3708.8420548157,32.1565597265772,1.92579327419213,84430572.0,22.3889303714766,13.2,35.7865351574196,71.816
MEX,Mexico,1992,19.6968328516378,1532.05083523555,36.0861081817948,78.87828308836134,3.56861354412243,4220.56643677057,32.0137939251542,1.89386319441602,86044809.0,25.6555575626204,13.4,35.553495904112,72.209
MEX,Mexico,1993,19.3369351307924,1529.66917943226,35.9724066977031,78.66343457445191,2.86699945461075,6048.34840388099,31.8693973231857,1.8526849091274,87653807.0,25.3963574182041,13.3,26.1631235736702,72.598
MEX,Mexico,1994,13.6259523825706,1536.71971480805,35.8587052136115,82.81477892118465,4.39412788764169,6202.36588372862,31.7218431756871,1.81495080594105,89259205.0,19.0218240887372,11.9,29.1584721341582,72.985
MEX,Mexico,1995,18.0810256949188,1461.03050354057,35.7450037295198,78.17928665592974,-5.91029962358286,4183.87847727479,31.5696047376741,1.78023269604442,90862455.0,23.6502285744312,13.3,43.6658317263397,73.368
MEX,Mexico,1996,19.9389946160529,1467.31082127073,35.6313022454281,77.98256280117505,6.21829715869302,4674.36792733681,31.4699339136576,1.73503044582092,92452702.0,24.6646923413511,13.1,47.7678235339067,73.67
MEX,Mexico,1997,15.7803609703092,1518.26280329371,35.5176007613365,79.91941673467261,7.19887615284711,5567.35599516667,31.4281679358189,1.68231791926668,94021207.0,19.9572519448574,12.7,46.4918755715735,73.929
MEX,Mexico,1998,13.5076575390556,1536.12241939376,35.4038992772448,81.90942617567714,6.18507893082885,5832.69342004468,31.3649080506791,1.63934798033611,95575245.0,17.5865587151132,12.2,48.0318841400179,74.186
MEX,Mexico,1999,17.1176439872592,1555.69407717508,35.2901977931531,80.13702802487626,2.75503039300564,6499.97182950425,31.2007555047592,1.5989280275378,97115707.0,20.9075244112579,12.8,48.0122495761105,74.441
MEX,Mexico,2000,16.1093958915765,1541.32297457171,35.1764963090614,81.14484790285056,5.02928399378261,7524.0271380091,30.8563115445805,1.54272528221216,98625552.0,19.7951574085329,12.2,49.9104091872497,74.722
MEX,Mexico,2001,13.3194384731854,1563.12708165755,35.1025211553795,83.21642538384404,-0.450845253215945,7952.76479510706,29.9444098873823,1.48303091731143,100099099.0,17.0973512533413,11.3,44.7401090123173,75.045
MEX,Mexico,2002,11.4338216761907,1556.55451556538,35.0285460016976,83.9376744788274,-0.236588001922641,7983.03398381759,28.3754133915972,1.43770526775457,101548624.0,15.0462375298436,10.7,45.209829259652,75.365
MEX,Mexico,2003,8.41599038172528,1644.23440955963,34.9545708480156,85.1076587292293,1.18554486709559,7434.07465031562,26.5162170155356,1.398263627903,102978515.0,12.1198939957751,10.2,48.7004168690455,75.682
MEX,Mexico,2004,10.6093449447141,1651.99432971724,34.8805956943337,83.85135260571604,3.56544102622887,7849.66759649565,24.7337157175082,1.3653083154997,104394131.0,14.4424516905671,10.2,52.0406200335632,75.997
MEX,Mexico,2005,11.0496554584317,1718.63669370638,34.8066205406518,83.7807658201843,2.11324711473297,8671.75891885163,23.3948044558255,1.34857895792648,105811504.0,15.1954515727685,10.3,52.5626446517886,76.308
MEX,Mexico,2006,11.8094964720851,1723.71763802356,34.7326453869698,84.25513071132035,4.80501351664901,9512.63575346699,22.3696630456356,1.35374920696209,107253666.0,15.3321088746747,9.8,54.4821160886169,76.616
MEX,Mexico,2007,10.306064364367,1693.77880726541,34.6586702332879,84.7817025898913,2.0778639395329,10134.3327129706,21.363754834612,1.40789058424163,108774360.0,14.0887356703145,9.5,55.2585243990368,76.92
MEX,Mexico,2008,14.5532723883645,1678.23287321257,34.584695079606,82.90684452023115,0.943331872912935,10523.7685427665,20.4969000798536,1.46015632826518,110374288.0,17.5374395686819,9.8,56.3652818731773,77.222
MEX,Mexico,2009,9.97822620101362,1616.79369985205,34.510719925924,86.5486155630323,-6.29525056697287,8423.56933214711,19.8889190384594,1.4619172053372,111999721.0,12.9470743558429,9.2,54.5917421313503,77.52
MEX,Mexico,2010,13.4755041972584,1581.82622504404,34.4367447722421,84.61925006619465,4.97133457799899,9728.80078237782,19.6596319675283,1.43974472572946,113623895.0,16.6020244105147,9.4,59.2733845378721,77.815
MEX,Mexico,2011,11.9722938804092,1632.53833582198,34.3737390364979,85.01849844286414,3.44404506308874,10664.4944046282,22.4736336205905,1.41534883852036,115243504.0,14.8882176324282,9.1,62.1623872683072,78.111
MEX,Mexico,2012,10.3773431371592,1652.16322037583,34.3107333007536,86.8585170279469,3.55321075512755,10744.1335229686,20.1560213023659,1.35716327923769,116818208.0,13.7854387797947,9.0,64.2579318977864,78.405
MEX,Mexico,2013,9.4179769612377,1633.00512016612,34.2477275650094,86.35628999591904,0.852101550164704,11216.800851866,20.8739317391487,1.29730808025224,118343573.0,13.2974152863029,9.2,62.6916747661852,78.699
MEX,Mexico,2014,12.8997164132075,1582.66666115179,34.1847218292652,84.3692728899553,2.50376349862891,11391.3773510244,19.667850241261,1.21002702971431,119784261.0,17.5321613957114,9.8,64.0984090280535,78.993
MEX,Mexico,2015,9.91642718996483,1539.13826670827,34.1217160935209,85.94000119069835,2.70232344844723,10021.2386124039,19.4864853369113,1.06956376155677,121072306.0,15.2646075424702,9.2,70.4129746726021,79.285
MEX,Mexico,2016,9.38607622631602,1525.3837445098,34.0559942385349,40.75363659663315,1.77249323400358,9097.92397674769,18.8449182383899,0.969124204799117,122251351.0,15.2957004707103,9.2,75.6903034088551,79.577
MEX,Mexico,2017,10.0622419462506,1478.43896510686,33.9902672393837,40.1083516700868,1.87172854186539,9649.27816772402,18.3002285485373,0.935239396499786,123400057.0,15.9609952530472,10.1,76.9521260407254,79.867
MEX,Mexico,2018,9.23472661506925,1493.47882156246,33.9247408626765,39.36725967735525,1.97208207701884,10084.7937553679,16.652186272493,0.9466023549862,124573711.0,15.907939491332,10.3,80.2126616635331,80.156
MEX,Mexico,2019,7.00352602464982,1469.65350320528,33.858895547725,38.9900689030505,-0.392690505099296,10369.5553585271,14.7051077997851,0.950144329831411,125762982.0,16.8771361269016,10.3,77.4619722571128,80.444
MEX,Mexico,2020,8.16304367499864,1366.42722558757,33.7930502327735,36.69010600493525,-8.35403456576364,8841.2707511328,14.9923440243315,0.820454117563552,126799054.0,20.7528854217573,12.3,76.8545556992201,80.731
MEX,Mexico,2021,10.4302698453815,1417.70559078908,33.727204917822,34.99980646640405,6.04848345704632,10314.0506725979,,0.66740537533078,127648148.0,24.3857273439152,13.0,83.0692976326771,81.016
MEX,Mexico,2022,10.3568604134316,1525.73516114419,33.6618740193935,34.3113032736257,3.71098893117183,11402.1410374782,,0.753116988604166,128613117.0,,,88.8269347828552,81.3
MEX,Mexico,2023,5.44680226923903,1559.78994657193,33.5959176419147,38.46836842132835,3.2953909570288,13826.1306570122,,0.872178517508623,129739759.0,,,73.7695331207325,81.582
UNI,United States,1960,,,,,,3002.08929545597,,,180671000.0,,,9.19743289940048,69.996
UNI,United States,1961,,,,,2.56534349330566,3062.97411600143,,1.65773003738953,183691000.0,,,8.93820745594694,70.377
UNI,United States,1962,,,,,6.12963661392298,3241.857658528,,1.53799735825387,186538000.0,,,8.93473646354838,70.757
UNI,United States,1963,,,,,4.35728600958917,3373.3573050342,,1.43916476170683,189242000.0,,,8.96157787815685,71.134
UNI,United States,1964,,,,,5.76274690390836,3573.06354552111,,1.38904605518369,191889000.0,,,9.206547781265,71.508
UNI,United States,1965,,,,,6.49845420408693,3826.51724799466,,1.25017164562845,194303000.0,,,9.23667125440563,71.879
UNI,United States,1966,,,,,6.59534157780801,4141.64653851663,,1.1548931907552,196560000.0,,,9.57851860411219,72.247
UNI,United States,1967,,,,,2.7426663686593,4331.58115274285,,1.08888120728762,198712000.0,,,9.68692935005927,72.612
UNI,United States,1968,,,,,4.914509352349,4691.63403587259,,0.998461043585335,200706000.0,,,10.0316564933807,72.974
UNI,United States,1969,,,,,3.1224773674803,5025.09477492148,,0.977242811872469,202677000.0,,,10.0555623631933,73.333
UNI,United States,1970,,,,,0.184619362250075,5234.2966662115,,1.16500266687286,205052000.0,,,10.7582854049602,73.602
UNI,United States,1971,,,,,3.29272245024868,5609.38259952519,,1.26433369185094,207661000.0,,,10.7571790359274,73.613
UNI,United States,1972,,,,,5.25550196715072,6094.01798986165,,1.07052275237269,209896000.0,,,11.3406196496001,73.623
UNI,United States,1973,,,,,5.64567975906083,6726.35895596695,,0.954476728552297,211909000.0,,,13.0792155894304,73.633
UNI,United States,1974,,,,,-0.540550189302294,7225.69135952566,,0.913660196067714,213854000.0,,,16.4449863225396,73.643
UNI,United States,1975,,,,,-0.205619193188355,7801.45666356443,,0.985986067347125,215973000.0,,,15.5163736331565,73.653
UNI,United States,1976,,,,,5.38803390599543,8592.25353727612,,0.950220048994522,218035000.0,,,16.0488456356637,73.663
UNI,United States,1977,,,,,4.62418650861058,9452.57651914511,,1.00577199618134,220239000.0,,,16.4178946751554,73.673
UNI,United States,1978,,,,,5.53520647919645,10564.9482220275,,1.0595730803427,222585000.0,,,16.9728342289651,73.682
UNI,United States,1979,,,,,3.16598822778928,11674.1818666548,,1.10357656509899,225055000.0,,,18.3761632042836,73.692
UNI,United States,1980,,,,,-0.256775736225364,12574.7915062163,,0.959589922764484,227225000.0,,,20.1098446894226,73.738
UNI,United States,1981,,,,,2.53770126586743,13976.10539252,,0.981415437259678,229466000.0,,,19.4259131704272,73.89
UNI,United States,1982,,,,,-1.80301378017963,14433.787727053,,0.953317566163514,231664000.0,,,17.5368122809184,74.042
UNI,United States,1983,,,,,4.58379097983199,15543.8937174925,,0.914378513375149,233792000.0,,,16.6655934803103,74.194
UNI,United States,1984,,,,,7.23645316716272,17121.2254849995,,0.865817336309961,235825000.0,,,17.5224074224053,74.344
UNI,United States,1985,,,,,4.16957534780626,18236.8277265009,,0.886129040850881,237924000.0,,,16.603906126303,74.494
UNI,United States,1986,,,,,3.46265504853929,19071.2271949295,,0.924164157058979,240133000.0,,,16.8979771514343,74.644
UNI,United States,1987,,,,,3.45462966726373,20038.9410992658,,0.893829201032046,242289000.0,,,17.9735809845702,74.793
UNI,United States,1988,,,,,4.17698239554727,21417.0119305191,,0.907999040167679,244499000.0,,,19.0701007058615,74.942
UNI,United States,1989,,,,,3.67223783532349,22857.1544330056,,0.944405555428529,246819000.0,,,19.4151283860195,75.089
UNI,United States,1990,8.97775786586864,7669.4512686363,33.0223082096657,77.59401700116865,1.88596558335223,23888.6000088133,14.1040671222385,1.12965052045579,249623000.0,11.4720248205676,4.2,19.8150673537315,75.3
UNI,United States,1991,9.43742673634854,7629.84715395512,33.0341654510992,77.06780216745776,-0.108312881913292,24342.2589048189,14.0544341851405,1.33626074073779,252981000.0,10.6886172706848,4.5,19.7864481240974,75.701
UNI,United States,1992,8.35229097547362,7675.63655553518,33.0460226925328,77.35540269646876,3.52249717698845,25418.9907763319,13.9809637897444,1.38688569247935,256514000.0,9.85430746900209,4.8,19.9505945023923,76.097
UNI,United States,1993,8.88405525198752,7708.10161116809,33.0578799339663,77.93625216653206,2.7517958662618,26387.2937338171,13.8889589603847,1.31867999977741,259919000.0,10.4235946624141,4.3,20.0446187019752,76.488
UNI,United States,1994,8.18708281571413,7755.08252133275,33.0697371753998,77.8846226774069,4.02902272603258,27694.853416234,13.7837227213961,1.2262960888682,263126000.0,9.68660706188543,4.1,21.0554591617453,76.875
UNI,United States,1995,9.43174896164667,7760.89035266192,33.0815944168334,76.9281654884942,2.68443073360764,28690.8757013347,13.6705580971134,1.19078709090209,266278000.0,10.7295021878142,4.7,22.4533816490568,77.257
UNI,United States,1996,10.2447578502386,7841.59288605808,33.0934516582669,76.7726260659743,3.77277269138068,29967.7127181749,13.5247584523913,1.16341161998189,269394000.0,11.5002575453723,4.8,22.6870719902412,77.636
UNI,United States,1997,9.70014560292158,7825.23663798017,33.1053088997004,78.2678356649138,4.44712793805328,31459.1299691554,13.3350220125644,1.20396029701272,272657000.0,10.9020998840369,4.5,23.4283278026178,78.008
UNI,United States,1998,8.40832593436504,7800.439490719,33.1171661411339,78.4596020619225,4.48313335029331,32853.6725949234,13.1267590926874,1.16571452642589,275854000.0,9.54340294411497,4.5,22.8258939797637,78.377
UNI,United States,1999,7.74320990948599,7920.05392329598,33.1290233825675,78.0147452477822,4.78842504949371,34515.3813073394,12.9253800078151,1.14834004729055,279040000.0,9.0136338048984,5.7,23.3135697296238,78.742
UNI,United States,2000,6.90868507084347,8055.14548852416,33.1301735880689,78.5097387413512,4.07758576006954,36329.9702595751,12.756295073002,1.11276899679534,282162411.0,8.81261648193646,5.4,25.1029855568536,79.057
UNI,United States,2001,5.55526378629175,7824.24393877407,33.1867556145437,79.0452343591655,0.95553834188668,37133.6203973517,12.6049538802777,0.989741382223669,284968955.0,7.42248933913917,4.7,22.9671830154975,79.234
UNI,United States,2002,7.2018355417761,7840.46095949898,33.2433376410185,78.41750052213115,1.7004473278454,37997.7424300242,12.4353763769804,0.927797485710314,287625193.0,9.20382511502992,4.8,22.2863842136065,79.409
UNI,United States,2003,7.48999697189744,7791.30391526846,33.2999196674933,78.5633144108247,2.79560596521233,39490.3023903176,12.2408284111277,0.859481712840946,290107933.0,9.4946204631135,5.3,22.6272972866813,79.583
UNI,United States,2004,7.13543173704674,7878.53717143427,33.3565016939681,78.5427101432917,3.84777169424153,41724.6411982614,12.0145758307373,0.925483968943482,292805298.0,9.21619811557572,5.5,24.4480566571904,79.757
UNI,United States,2005,6.93759826824343,7843.3910574627,33.4130837204429,78.8648237682334,3.48354993544559,44123.3996470026,11.7498844838268,0.921713167161207,295516599.0,9.12092303221335,5.8,25.6385573436769,79.928
UNI,United States,2006,7.38668875852132,7694.40657948116,33.4696657469177,78.28015602150215,2.78453963817891,46301.9876485519,11.309448518998,0.964253917136075,298379912.0,9.78948021905534,6.4,26.9752858058903,80.099
UNI,United States,2007,6.33459935662016,7756.0141894981,33.5262477733925,78.58820296942011,2.00385829909158,48050.227412195,10.6730029423263,0.951055242772428,301231207.0,8.91391202574991,6.3,28.0120155631098,80.269
UNI,United States,2008,6.45554375070537,7484.83268900712,33.6360635020585,77.9920538564418,0.113587248160997,48570.0594269601,10.0093748880401,0.945865287282592,304093966.0,9.5301997751508,6.8,29.8677875257061,80.438
UNI,United States,2009,7.12499238935919,7053.35846690965,33.6927352193296,76.63353769569144,-2.57650023225001,47194.9500893872,9.48739149036763,0.876651298802912,306771529.0,10.7806308892929,7.3,24.759527635837,80.606
UNI,United States,2010,6.53962721797539,7162.55933024159,33.7494069366007,77.00742738005785,2.69519258234851,48642.6312088213,9.27587988353719,0.846129865832117,309378227.0,10.6143983117236,7.4,28.2198829408336,80.772
UNI,United States,2011,7.92192047615993,7009.64607964907,33.7794700582241,75.97322161485405,1.56440685537306,50024.8812320773,9.36462744857706,0.79239433316435,311839461.0,12.686393699636,8.4,30.842478575914,80.944
UNI,United States,2012,6.95200738347947,6820.46062064875,33.8095331798474,76.24502409205829,2.289113386319,51708.3940614082,9.01055428019472,0.79838290137163,314339099.0,12.4129621083936,8.5,30.681839575193,81.119
UNI,United States,2013,6.73683247448954,6888.38143742637,33.8395963014708,75.24712076298664,2.11783009786468,53297.3862901595,8.74620817680451,0.756560083436754,316726282.0,13.0285802128985,8.9,29.9413062848227,81.299
UNI,United States,2014,6.48624276588338,6915.64165280321,33.8696594230942,75.26710016979735,2.52381981372621,55153.3940182967,8.5101265108009,0.796023797809134,319257560.0,13.3792940741702,9.0,29.906569337428,81.483
UNI,United States,2015,6.28026440536473,6789.64733291075,33.8997225447175,74.54601957771169,2.94555045599772,56849.4697923159,8.19074183499752,0.797904713382564,321815121.0,13.6328082889697,8.9,27.6882139340768,81.671
UNI,United States,2016,6.75868652705043,6663.4963294418,33.8997225447175,32.4718685953247,1.81945147620522,57976.628204291,7.40835009300858,0.785625485688815,324353340.0,15.2594449655463,9.3,26.4525977865465,81.862
UNI,United States,2017,7.58473022292687,6590.83509745633,33.8669264120375,31.39600151921365,2.45762230175086,60047.7190728307,7.79040584360488,0.692906252591617,326608609.0,17.2854220343839,9.7,27.1253382222874,82.058
UNI,United States,2018,7.11499071471761,6738.27272433986,33.8669264120375,31.8071309711862,2.96650506916596,62875.6661382728,7.8220065111125,0.586433075122573,328529577.0,17.1628863424875,9.9,27.4453591302618,82.256
UNI,United States,2019,7.07165236716032,6700.93033990565,33.8669264120375,31.2533244075268,2.58382533018889,65227.9565911038,7.17602147949022,0.515108555014533,330226227.0,17.938273721697,10.2,26.2584806245428,82.459
UNI,United States,2020,7.23495044533588,6141.53125755889,33.8669264120375,30.2030167301128,-2.16302913866512,64401.5074354212,7.81485752365112,0.408427566758519,331577720.0,19.9166987281584,11.0,23.0797778694073,82.664
UNI,United States,2021,6.26551543474305,6445.83409243358,33.8669264120375,30.4225387205818,6.05505293304556,71307.4017277218,,0.157317408951545,332099760.0,20.2733089261925,10.9,25.2136560307765,82.873
UNI,United States,2022,6.20787886553448,6511.68841394546,33.8669264120375,29.9890131352984,2.5123753198332,77860.9112908848,,0.575744520494521,334017321.0,,,26.891689830077,83.084
UNI,United States,2023,6.03900381332988,6363.50015820072,33.8669264120375,29.65018386138785,2.88755600905984,82304.6204272866,,0.83149318773707,336806231.0,,,24.8993631439946,83.298
